{
    "model": "TFIDFMultinomialNB",
    "model__alpha": 1.5438994841923022,
    "model__tfidf_max_features": 23037286,
    "mean_test_score": 0.8000822368421053,
    "mean_score_time": 14.371174955368042,
    "mean_fit_time": 95.72867927551269,
    "mean_train_score": 0.8715337171052632
}{
    "model": "TFIDFMultinomialNB",
    "model__alpha": 0.8680701105526363,
    "model__tfidf_max_features": 4959705,
    "mean_test_score": 0.8000388157894737,
    "mean_score_time": 11.213518714904785,
    "mean_fit_time": 96.62423396110535,
    "mean_train_score": 0.8903582236842105
}{
    "model": "TFIDFMultinomialNB",
    "model__alpha": 2.2078187002662553,
    "model__tfidf_max_features": 48907618,
    "mean_test_score": 0.7995559210526316,
    "mean_score_time": 9.573555040359498,
    "mean_fit_time": 88.73662047386169,
    "mean_train_score": 0.8601819078947368
}{
    "model": "TFIDFMultinomialNB",
    "model__alpha": 0.1941136539292883,
    "model__tfidf_max_features": 22108553,
    "mean_test_score": 0.7939092105263159,
    "mean_score_time": 10.710838747024535,
    "mean_fit_time": 105.88151173591613,
    "mean_train_score": 0.9308529605263158
}{
    "model": "TFIDFLinearSVC",
    "model__C": 2.2607821415760534,
    "model__dual": false,
    "model__intercept_scaling": 3.1097689763826875,
    "model__max_iter": 1515,
    "model__penalty": "l2",
    "model__tfidf_max_features": 14109975,
    "model__tol": 0.000561804012689669,
    "mean_test_score": 0.8061960526315788,
    "mean_score_time": 29.735133743286134,
    "mean_fit_time": 687.4190300941467,
    "mean_train_score": 0.9799156250000001
}{
    "model": "TFIDFLinearSVC",
    "model__C": 0.6370287849133256,
    "model__dual": false,
    "model__intercept_scaling": 6.856307970171958,
    "model__max_iter": 210,
    "model__penalty": "l2",
    "model__tfidf_max_features": 15653054,
    "model__tol": 0.00016090899349355687,
    "mean_test_score": 0.8183217105263157,
    "mean_score_time": 9.2915198802948,
    "mean_fit_time": 316.93711376190186,
    "mean_train_score": 0.9506894736842104
}{
    "model": "TFIDFLinearSVC",
    "model__C": 0.8371655956938182,
    "model__dual": false,
    "model__intercept_scaling": 0.63076642702024,
    "model__max_iter": 1569,
    "model__penalty": "l2",
    "model__tfidf_max_features": 13688199,
    "model__tol": 0.0009111152454985669,
    "mean_test_score": 0.8162868421052633,
    "mean_score_time": 11.10797905921936,
    "mean_fit_time": 293.8653126716614,
    "mean_train_score": 0.9601001644736842
}{
    "model": "TFIDFLinearSVC",
    "model__C": 0.370879571786832,
    "model__dual": false,
    "model__intercept_scaling": 5.762256741880347,
    "model__max_iter": 688,
    "model__penalty": "l2",
    "model__tfidf_max_features": 11015729,
    "model__tol": 4.3419776831083535e-05,
    "mean_test_score": 0.8213085526315791,
    "mean_score_time": 10.1161452293396,
    "mean_fit_time": 294.1121421337128,
    "mean_train_score": 0.9277491776315789
}{
    "model": "TFIDFMultinomialNB",
    "model__alpha": 2.830162830597973,
    "model__tfidf_max_features": 21314553,
    "mean_test_score": 0.7991249999999999,
    "mean_score_time": 8.584569883346557,
    "mean_fit_time": 78.33238296508789,
    "mean_train_score": 0.8526202302631578
}{
    "model": "TFIDFLinearSVC",
    "model__C": 0.43322276012673194,
    "model__dual": false,
    "model__intercept_scaling": 9.470073274830902,
    "model__max_iter": 549,
    "model__penalty": "l1",
    "model__tfidf_max_features": 8739130,
    "model__tol": 0.0008175946344252462,
    "mean_test_score": 0.8212868421052631,
    "mean_score_time": 9.195892000198365,
    "mean_fit_time": 215.3262095451355,
    "mean_train_score": 0.8452495065789474
}{
    "model": "TFIDFMultinomialNB",
    "model__alpha": 1.9603488492142955,
    "model__tfidf_max_features": 40582792,
    "mean_test_score": 0.8000381578947369,
    "mean_score_time": 8.459755086898804,
    "mean_fit_time": 77.76949009895324,
    "mean_train_score": 0.8638141447368423
}{
    "model": "TFIDFLinearSVC",
    "model__C": 1.5741601742311964,
    "model__dual": false,
    "model__intercept_scaling": 6.830565681600648,
    "model__max_iter": 368,
    "model__penalty": "l2",
    "model__tfidf_max_features": 30222158,
    "model__tol": 0.0006383613239385746,
    "mean_test_score": 0.810253947368421,
    "mean_score_time": 9.562832593917847,
    "mean_fit_time": 399.11933770179746,
    "mean_train_score": 0.9750072368421053
}{
    "model": "TFIDFLinearSVC",
    "model__C": 1.8670682448159226,
    "model__dual": false,
    "model__intercept_scaling": 8.375752525310013,
    "model__max_iter": 401,
    "model__penalty": "l1",
    "model__tfidf_max_features": 9082784,
    "model__tol": 0.0007805537096461946,
    "mean_test_score": 0.8057638157894738,
    "mean_score_time": 9.681935930252076,
    "mean_fit_time": 499.01668562889097,
    "mean_train_score": 0.965032730263158
}{
    "model": "TFIDFLinearSVC",
    "model__C": 2.1976266273799343,
    "model__dual": false,
    "model__intercept_scaling": 1.6894711378612253,
    "model__max_iter": 1200,
    "model__penalty": "l1",
    "model__tfidf_max_features": 39943256,
    "model__tol": 0.00037279353187399944,
    "mean_test_score": 0.8031243421052631,
    "mean_score_time": 15.45717978477478,
    "mean_fit_time": 505.9987557411194,
    "mean_train_score": 0.977953947368421
}{
    "model": "TFIDFMultinomialNB",
    "model__alpha": 1.6843409226261008,
    "model__tfidf_max_features": 31644917,
    "mean_test_score": 0.8002710526315789,
    "mean_score_time": 10.084534931182862,
    "mean_fit_time": 94.05027070045472,
    "mean_train_score": 0.8685975328947368
}{
    "model": "TFIDFMultinomialNB",
    "model__alpha": 1.3611952949400414,
    "model__tfidf_max_features": 12022970,
    "mean_test_score": 0.8004374999999999,
    "mean_score_time": 9.240957403182984,
    "mean_fit_time": 85.4347140789032,
    "mean_train_score": 0.875511677631579
}{
    "model": "TFIDFLinearSVC",
    "model__C": 1.3677499500024677,
    "model__dual": false,
    "model__intercept_scaling": 4.627418787084251,
    "model__max_iter": 1123,
    "model__penalty": "l1",
    "model__tfidf_max_features": 29117928,
    "model__tol": 0.00020763649556885695,
    "mean_test_score": 0.8108815789473685,
    "mean_score_time": 9.038968753814697,
    "mean_fit_time": 436.65314388275146,
    "mean_train_score": 0.9300133223684212
}{
    "model": "TFIDFMultinomialNB",
    "model__alpha": 1.4961842598997415,
    "model__tfidf_max_features": 18379790,
    "mean_test_score": 0.800396052631579,
    "mean_score_time": 8.692851543426514,
    "mean_fit_time": 78.91499361991882,
    "mean_train_score": 0.872404769736842
}{
    "model": "TFIDFMultinomialNB",
    "model__alpha": 3.20132160680364,
    "model__tfidf_max_features": 12541780,
    "mean_test_score": 0.7987269736842105,
    "mean_score_time": 8.550726556777954,
    "mean_fit_time": 78.63414463996887,
    "mean_train_score": 0.8490340460526316
}{
    "model": "TFIDFMultinomialNB",
    "model__alpha": 1.296151357199569,
    "model__tfidf_max_features": 40053436,
    "mean_test_score": 0.8004927631578947,
    "mean_score_time": 8.596220350265503,
    "mean_fit_time": 52753.456816339494,
    "mean_train_score": 0.8771416118421053
}{
    "model": "TFIDFLinearSVC",
    "model__C": 1.5305236489191416,
    "model__dual": false,
    "model__intercept_scaling": 5.885666700729185,
    "model__max_iter": 1053,
    "model__penalty": "l1",
    "model__tfidf_max_features": 6719106,
    "model__tol": 0.0001064658850805197,
    "mean_test_score": 0.8090473684210526,
    "mean_score_time": 9.461743259429932,
    "mean_fit_time": 518.8338353157044,
    "mean_train_score": 0.943350822368421
}{
    "model": "TFIDFMultinomialNB",
    "model__alpha": 1.808471354882121,
    "model__tfidf_max_features": 33695825,
    "mean_test_score": 0.800025,
    "mean_score_time": 9.022072172164917,
    "mean_fit_time": 82.95101289749145,